[
    {
        "model": "auth.group",
        "pk": 1,
        "fields": {
            "name": "user_ord"
        }
    },
    {
        "model": "auth.group",
        "pk": 2,
        "fields": {
            "name": "reviewer"
        }
    },
    {
        "model": "auth.group",
        "pk": 3,
        "fields": {
            "name": "author"
        }
    },

    {
        "model": "bookworms.authorshow",
        "pk": 1,
        "fields": {
            "name": "Jane",
            "surname": "Austen",
            "bioShow": "desc"
        }
    },
    {
        "model": "bookworms.book",
        "pk": 1,
        "fields": {
            "title": "Pride and Prejudice",
            "genre": "Classic",
            "description": "Pride and Prejudice by Jane Austen is a beloved classic that explores themes of love, social class, and personal growth. Set in 19th-century England, the story follows Elizabeth Bennet as she navigates the societal expectations and pressures of marriage. The novel delves into the complexities of relationships, highlighting the initial prejudices and misconceptions that shape the characters' lives, ultimately leading to self-discovery and the triumph of true love.",
            "coverImage": "/images/classic5.jpg"
        }
    },
    {
        "model": "bookworms.authorwrotebook",
        "pk": 1,
        "fields": {
            "idAuthor": 1,
            "idBook": 1
        }
    },
    {
        "model": "bookworms.authorshow",
        "pk": 2,
        "fields": {
            "name": "John",
            "surname": "Green",
            "bioShow": "John Green is an American author, best known for his novel 'The Fault in Our Stars'."
        }
    },
    {
        "model": "bookworms.book",
        "pk": 2,
        "fields": {
            "title": "The Fault in Our Stars",
            "genre": "Romance",
            "description": "The Fault in Our Stars by John Green is a poignant and heart-wrenching novel that tells the story of Hazel Grace Lancaster, a sixteen-year-old cancer patient, and her journey of love and loss. The book explores themes of mortality, friendship, and the pursuit of meaning in the face of adversity. With its authentic and emotional narrative, it offers a thought-provoking reflection on life's fragility and the enduring power of love and hope.",
            "coverImage": "/images/romance1.jpg"
        }
    },
    {
        "model": "bookworms.authorwrotebook",
        "pk": 2,
        "fields": {
            "idAuthor": 2,
            "idBook": 2
        }
    },

    {
        "model": "bookworms.authorshow",
        "pk": 3,
        "fields": {
            "name": "Aldous",
            "surname": "Huxley",
            "bioShow": "desc"
        }
    },
    {
        "model": "bookworms.book",
        "pk": 3,
        "fields": {
            "title": "Brave New World",
            "genre": "Classic",
            "description": "Brave New World by Aldous Huxley is a dystopian novel set in a future society where technology and conformity reign. The story follows Bernard Marx as he navigates a world of genetic engineering, social conditioning, and mind-altering substances. Huxley's work raises profound questions about individuality, freedom, and the price of utopian ideals, painting a chilling picture of a society that sacrifices humanity for stability and control. It serves as a cautionary tale and a compelling exploration of the human condition in a world driven by technology and social engineering.",
            "coverImage": "/images/classic6.jpg"
        }
    },
    {
        "model": "bookworms.authorwrotebook",
        "pk": 3,
        "fields": {
            "idAuthor": 3,
            "idBook": 3
        }
    },

    {
        "model": "bookworms.authorshow",
        "pk": 4,
        "fields": {
            "name": "Colleen",
            "surname": "Hoover",
            "bioShow": "Colleen Hoover is the #1 New York Times bestselling author of several novels, including 'Ugly Love'."
        }
    },
    {
        "model": "bookworms.book",
        "pk": 4,
        "fields": {
            "title": "Ugly Love",
            "genre": "Romance",
            "description": "Ugly Love by Colleen Hoover is a contemporary romance novel that delves into the complexities of love and emotional scars. The story revolves around Tate Collins and Miles Archer, who enter into a casual arrangement defined by strict rules. As their relationship evolves, they must confront their past traumas and secrets, leading to heart-wrenching revelations and personal growth. Ugly Love explores themes of forgiveness, healing, and the transformative power of love, offering a raw and emotional journey that resonates with readers.",
            "coverImage": "/images/romance8.jpg"
        }
    },
    {
        "model": "bookworms.authorwrotebook",
        "pk": 4,
        "fields": {
            "idAuthor": 4,
            "idBook": 4
        }
    },
    {
        "model": "bookworms.book",
        "pk": 5,
        "fields": {
            "title": "It Ends With Us",
            "genre": "Romance",
            "description": "It Ends with Us by Colleen Hoover is a powerful and emotionally charged contemporary novel that tackles sensitive subjects such as domestic violence and the complexities of relationships. The story follows Lily Bloom, a young woman who finds herself torn between her first love and a new romantic interest. As the narrative unfolds, it explores the intricate layers of love, strength, and self-discovery, providing a thought-provoking exploration of the cycle of abuse and the importance of breaking free from it. It Ends with Us is a captivating and poignant story that leaves a lasting impact on its readers.",
            "coverImage": "/images/romance3.jpg"
        }
    },
    {
        "model": "bookworms.authorwrotebook",
        "pk": 5,
        "fields": {
            "idAuthor": 4,
            "idBook": 5
        }
    },

    {
        "model": "bookworms.authorshow",
        "pk": 5,
        "fields": {
            "name": "Julia",
            "surname": "Quinn",
            "bioShow": "desc"
        }
    },
    {
        "model": "bookworms.book",
        "pk": 6,
        "fields": {
            "title": "The Duke And I",
            "genre": "Romance",
            "description": "The Duke and I by Julia Quinn is a delightful historical romance set in Regency-era England. The story revolves around Daphne Bridgerton, a young debutante looking for love, and Simon Basset, the Duke of Hastings, who has sworn off marriage. They enter into a fake courtship to navigate the marriage market, but their charade soon turns into something deeper and more passionate. With witty banter, endearing characters, and a touch of scandal, The Duke and I is a captivating tale of love, secrets, and the complexities of society, offering a charming escape into the world of Regency romance.",
            "coverImage": "/images/romance5.jpeg"
        }
    },
    {
        "model": "bookworms.authorwrotebook",
        "pk": 6,
        "fields": {
            "idAuthor": 5,
            "idBook": 6
        }
    },
    {
        "model": "bookworms.authorshow",
        "pk": 6,
        "fields": {
            "name": "Sally",
            "surname": "Thorne",
            "bioShow": "desc"
        }
    },
    {
        "model": "bookworms.book",
        "pk": 7,
        "fields": {
            "title": "The Hating Game",
            "genre": "Romance",
            "description": "The Hating Game by Sally Thorne is a delightful and addictive contemporary romance novel. The story follows Lucy Hutton and Joshua Templeman, two executive assistants who work side by side and engage in a fierce rivalry. As they compete for a promotion, their antagonistic relationship slowly transforms into an unexpected attraction. With witty banter, sizzling chemistry, and a captivating enemies-to-lovers dynamic, The Hating Game explores themes of love, vulnerability, and the power of unexpected connections. It's a charming and heartwarming tale that will keep you hooked until the very end.",
            "coverImage": "/images/romance6.jpg"
        }
    },
    {
        "model": "bookworms.authorwrotebook",
        "pk": 7,
        "fields": {
            "idAuthor": 6,
            "idBook": 7
        }
    },
    {
        "model": "bookworms.authorshow",
        "pk": 7,
        "fields": {
            "name": "Jonathan",
            "surname": "Haidt",
            "bioShow": "desc"
        }
    },
    {
        "model": "bookworms.book",
        "pk": 8,
        "fields": {
            "title": "The Happiness Hypothesis",
            "genre": "Psychology",
            "description": "The Happiness Hypothesis by Jonathan Haidt is a thought-provoking exploration of the science and philosophy behind happiness. Drawing from ancient wisdom and modern research, Haidt examines various theories and concepts related to human happiness, such as the role of genetics, the impact of social relationships, and the significance of finding meaning in life. Through engaging storytelling and insightful analysis, the book offers a balanced perspective on the complexities of happiness and provides practical strategies for cultivating well-being. It invites readers to reflect on their own beliefs and values, ultimately offering a deeper understanding of what it means to lead a fulfilling life.",
            "coverImage": "/images/psychology1.jpg"
        }
    },
    {
        "model": "bookworms.authorwrotebook",
        "pk": 8,
        "fields": {
            "idAuthor": 7,
            "idBook": 8
        }
    },
    {
        "model": "bookworms.authorshow",
        "pk": 8,
        "fields": {
            "name": "Robert B.",
            "surname": "Cialdini",
            "bioShow": "desc"
        }
    },
    {
        "model": "bookworms.book",
        "pk": 9,
        "fields": {
            "title": "Influence, The Psychology of Persuasion",
            "genre": "Psychology",
            "description": "Influence: The Psychology of Persuasion by Robert Cialdini is a seminal work that explores the principles of persuasion and how they are used to influence human behavior. Cialdini delves into various psychological tactics employed by individuals and organizations to persuade others, such as reciprocity, social proof, and scarcity. Through captivating examples and extensive research, the book sheds light on the subconscious triggers that guide our decision-making processes. It serves as a fascinating guide to understanding the science behind persuasion and offers valuable insights into how we can become more aware and resistant to manipulation.",
            "coverImage": "/images/psychology2.jpg"
        }
    },
    {
        "model": "bookworms.authorwrotebook",
        "pk": 9,
        "fields": {
            "idAuthor": 8,
            "idBook": 9
        }
    },
    {
        "model": "bookworms.authorshow",
        "pk": 9,
        "fields": {
            "name": "Alain",
            "surname": "de Botton",
            "bioShow": "desc"
        }
    },
    {
        "model": "bookworms.book",
        "pk": 10,
        "fields": {
            "title": "The School of Life",
            "genre": "Psychology",
            "description": "The School of Life is an organization founded by Alain de Botton that offers a range of resources and programs designed to promote emotional intelligence and personal development. Through books, videos, workshops, and online content, The School of Life explores various aspects of human existence, including relationships, work, self-knowledge, and culture. Their approach combines philosophy, psychology, and practical wisdom to help individuals navigate the challenges of modern life and cultivate emotional well-being. The School of Life aims to provide tools and insights that foster personal growth, resilience, and a deeper understanding of ourselves and the world around us.",
            "coverImage": "/images/psychology3.jpg"
        }
    },
    {
        "model": "bookworms.authorwrotebook",
        "pk": 10,
        "fields": {
            "idAuthor": 9,
            "idBook": 10
        }
    },
    {
        "model": "bookworms.authorshow",
        "pk": 10,
        "fields": {
            "name": "Daniel",
            "surname": "Kahneman",
            "bioShow": "desc"
        }
    },
    {
        "model": "bookworms.authorshow",
        "pk": 11,
        "fields": {
            "name": "Olivier",
            "surname": "Sibony",
            "bioShow": "desc"
        }
    },
    {
        "model": "bookworms.authorshow",
        "pk": 12,
        "fields": {
            "name": "Cass R.",
            "surname": "Sunstein",
            "bioShow": "desc"
        }
    },
    {
        "model": "bookworms.book",
        "pk": 11,
        "fields": {
            "title": "Noise",
            "genre": "Psychology",
            "description": "Noise by Daniel Kahneman, Olivier Sibony, and Cass R. Sunstein is a thought-provoking book that examines the impact of noise, or random variability, on human decision-making and judgment. The authors highlight how noise can lead to inconsistent and unreliable outcomes, even among experts and professionals. Drawing on research from various fields, including psychology, economics, and law, the book explores the sources of noise, its consequences, and strategies for reducing noise in decision-making processes. Noise sheds light on an often overlooked aspect of decision-making and offers valuable insights into how we can strive for greater consistency and fairness in our judgments and choices.",
            "coverImage": "/images/psychology4.jpg"
        }
    },
    {
        "model": "bookworms.authorwrotebook",
        "pk": 11,
        "fields": {
            "idAuthor":10,
            "idBook": 11
        }
    },
    {
        "model": "bookworms.authorwrotebook",
        "pk": 12,
        "fields": {
            "idAuthor":11,
            "idBook": 11
        }
    },
    {
        "model": "bookworms.authorwrotebook",
        "pk": 13,
        "fields": {
            "idAuthor":12,
            "idBook": 11
        }
    },
    {
        "model": "bookworms.book",
        "pk": 12,
        "fields": {
            "title": "Thinking Fast and Slow",
            "genre": "Psychology",
            "description": "Thinking, Fast and Slow by Daniel Kahneman is a groundbreaking book that explores the two systems of thinking that drive our decision-making processes. Kahneman, a Nobel laureate in economics, presents insights from decades of research in cognitive psychology to reveal the biases and heuristics that influence our judgments. The book explores the distinction between intuitive, fast thinking (System 1) and deliberate, slow thinking (System 2), and how they interact to shape our perceptions and choices. Thinking, Fast and Slow challenges conventional wisdom and offers a fascinating exploration of the human mind's complexities, providing valuable lessons for improving decision-making and understanding our own thought processes.",
            "coverImage": "/images/psychology5.jpg"
        }
    },
    {
        "model": "bookworms.authorwrotebook",
        "pk": 14,
        "fields": {
            "idAuthor": 10,
            "idBook": 12
        }
    },
    {
        "model": "bookworms.authorshow",
        "pk": 13,
        "fields": {
            "name": "Malcolm",
            "surname": "Gladwell",
            "bioShow": "desc"
        }
    },
    {
        "model": "bookworms.book",
        "pk": 13,
        "fields": {
            "title": "Outliers, The Story of Success",
            "genre": "Psychology",
            "description": "Outliers: The Story of Success by Malcolm Gladwell is a captivating book that examines the factors that contribute to extraordinary success. Gladwell challenges the notion of success as solely the result of individual merit and delves into the role of various external factors, such as cultural background, timing, and opportunity. Drawing from compelling examples and research, the book highlights the importance of context, hard work, and the accumulation of advantages in shaping exceptional achievements. Outliers offers a fresh perspective on success, encouraging readers to reconsider the narratives surrounding high achievers and the factors that truly drive exceptional outcomes.",
            "coverImage": "/images/psychology6.jpg"
        }
    },
    {
        "model": "bookworms.authorwrotebook",
        "pk": 15,
        "fields": {
            "idAuthor": 13,
            "idBook": 13
        }
    }


    ,
    {
        "model": "bookworms.authorshow",
        "pk": 14,
        "fields": {
            "name": "Harper",
            "surname": "Lee",
            "bioShow": "desc"
        }
    },
    {
        "model": "bookworms.book",
        "pk": 14,
        "fields": {
            "title": "To Kill a Mockingbird",
            "genre": "Classic",
            "description": "To Kill a Mockingbird by Harper Lee is a classic novel that explores themes of racial injustice, morality, and the loss of innocence. Set in the 1930s in the fictional town of Maycomb, Alabama, the story is narrated by Scout Finch, a young girl who witnesses the trial of Tom Robinson, a Black man falsely accused of rape. Through Scout's eyes, the novel confronts the deep-rooted prejudices and social hierarchies of the time, while also highlighting the power of empathy and the courage to stand up for what is right. To Kill a Mockingbird remains a poignant and enduring masterpiece that resonates with readers, provoking reflection on issues of discrimination, compassion, and the complexities of human nature.",
            "coverImage": "/images/classic1.jpg"
        }
    },
    {
        "model": "bookworms.authorwrotebook",
        "pk": 16,
        "fields": {
            "idAuthor": 14,
            "idBook": 14
        }
    }



    ,
    {
        "model": "bookworms.authorshow",
        "pk": 15,
        "fields": {
            "name": "F.",
            "surname": "Scott Fitzgerald",
            "bioShow": "desc"
        }
    },
    {
        "model": "bookworms.book",
        "pk": 15,
        "fields": {
            "title": "The Great Gatsby",
            "genre": "Classic",
            "description": "The Great Gatsby by F. Scott Fitzgerald is a literary masterpiece that captures the decadence and disillusionment of the Roaring Twenties in America. Set in the Jazz Age, the story follows Jay Gatsby, a wealthy and mysterious man who is infatuated with Daisy Buchanan, a married woman from his past. Through the eyes of the narrator, Nick Carraway, the novel explores themes of love, wealth, social class, and the elusive American Dream. With its vivid portrayal of extravagant parties, complex characters, and themes of longing and unfulfilled desires, The Great Gatsby offers a compelling critique of the superficiality and moral decline of the era, leaving readers with a lingering sense of tragedy and the fleeting nature of dreams.",
            "coverImage": "/images/classic2.jpg"
        }
    },
    {
        "model": "bookworms.authorwrotebook",
        "pk": 17,
        "fields": {
            "idAuthor": 15,
            "idBook": 15
        }
    }




    ,
    {
        "model": "bookworms.authorshow",
        "pk": 16,
        "fields": {
            "name": "Fyodor",
            "surname": "Dostoyevsky",
            "bioShow": "desc"
        }
    },
    {
        "model": "bookworms.book",
        "pk": 16,
        "fields": {
            "title": "Crime and Punishment",
            "genre": "Classic",
            "description": "Crime and Punishment by Fyodor Dostoevsky is a profound and gripping novel that delves into the psychological complexities of guilt, redemption, and the consequences of one's actions. Set in 19th-century Russia, the story follows Rodion Raskolnikov, a destitute student who commits a brutal murder. As Raskolnikov grapples with his crime, the novel explores his internal turmoil, the moral dilemmas he faces, and the psychological effects of his actions. Through intricate character development and philosophical themes, Dostoevsky raises profound questions about morality, justice, and the nature of human suffering. Crime and Punishment is a compelling exploration of the human psyche, offering a profound and thought-provoking examination of guilt and redemption.",
            "coverImage": "/images/classic3.jpg"
        }
    },
    {
        "model": "bookworms.authorwrotebook",
        "pk": 18,
        "fields": {
            "idAuthor": 16,
            "idBook": 16
        }
    }




    ,
    {
        "model": "bookworms.authorshow",
        "pk": 17,
        "fields": {
            "name": "Donna",
            "surname": "Tart",
            "bioShow": "desc"
        }
    },
    {
        "model": "bookworms.book",
        "pk": 17,
        "fields": {
            "title": "The Secret History",
            "genre": "Classic",
            "description": "The Secret History by Donna Tartt is a captivating and darkly atmospheric novel that explores themes of obsession, morality, and the consequences of secrets. Set in a fictional Vermont college, the story follows a group of eccentric and intellectually gifted students led by their enigmatic classics professor. As they delve into the study of ancient Greek literature, their lives become entangled in a web of secrets, betrayal, and ultimately, murder. Tartt's masterful storytelling weaves together elements of suspense, psychological depth, and a rich exploration of human nature. The Secret History is a haunting and immersive tale that delves into the complexities of friendship, the allure of forbidden knowledge, and the enduring impact of one's actions.",
            "coverImage": "/images/classic4.jpg"
        }
    },
    {
        "model": "bookworms.authorwrotebook",
        "pk": 19,
        "fields": {
            "idAuthor": 17,
            "idBook": 17
        }
    },
    {
        "model": "bookworms.authorshow",
        "pk": 18,
        "fields": {
            "name": "Elena",
            "surname": "Armas",
            "bioShow": "desc"
        }
    },
    {
        "model": "bookworms.book",
        "pk": 18,
        "fields": {
            "title": "The Spanish Love Deception",
            "genre": "Romance",
            "description": "Catalina Martín desperately needs a date to her sister’s wedding. Especially since her little white lie about her American boyfriend has spiralled out of control. Now everyone she knows—including her ex and his fiancée—will be there and eager to meet him.\n\nShe only has four weeks to find someone willing to cross the Atlantic and aid in her deception. New York to Spain is no short flight and her raucous family won’t be easy to fool.\n\nEnter Aaron Blackford—her tall, handsome, condescending colleague—who surprisingly offers to step in. She’d rather refuse; never has there been a more aggravating, blood-boiling, and insufferable man.\n\nBut Catalina is desperate, and as the wedding draws nearer, Aaron looks like her best option. And she begins to realize he might not be as terrible in the real world as he is at the office.",
            "coverImage": "/images/romance4.jpg"
        }
    },
    {
        "model": "bookworms.authorwrotebook",
        "pk": 20,
        "fields": {
            "idAuthor": 18,
            "idBook": 18
        }
    },
    {
        "model": "bookworms.badge",
        "pk": 1,
        "fields": {
            "description": "/images/ach1.jpg"
        }
    },
    {
        "model": "bookworms.badge",
        "pk": 2,
        "fields": {
            "description": "/images/ach5.jpg"
        }
    },
    {
        "model": "bookworms.badge",
        "pk": 3,
        "fields": {
            "description": "/images/ach10.jpg"
        }
    },
    {
        "model": "bookworms.achievement",
        "pk": 1,
        "fields": {
            "idBadge": "1",
            "numberOfBooks": "1"
        }
    },
    {
        "model": "bookworms.achievement",
        "pk": 2,
        "fields": {
            "idBadge": "2",
            "numberOfBooks": "5"
        }
    },
    {
        "model": "bookworms.achievement",
        "pk": 3,
        "fields": {
            "idBadge": "3",
            "numberOfBooks": "10"
        }
    },
    {
        "model": "bookworms.badge",
        "pk": 4,
        "fields": {
            "description": "/images/clg1.jpg"
        }
    },
    {
        "model": "bookworms.badge",
        "pk": 5,
        "fields": {
            "description": "/images/clg2.jpg"
        }
    },
    {
        "model": "bookworms.challenge",
        "pk": 1,
        "fields": {
            "name": "July Challenge",
            "description": "Dear bookworms, with Summer in full bloom, we have prepared a special challenge for you this July! Enter to find out how you can apply and what stands between you and the special limited edition badge we have designed specifically for you inspired by this warm July.",
            "status": "true",
            "startDate": "2023-07-01",
            "endDate": "2023-08-01",
            "idBadge": "4"
        }
    },
    {
        "model": "bookworms.challenge",
        "pk": 2,
        "fields": {
            "name": "Classical Literature Challenge",
            "description": "Dear bookworms, this challenges is not for the light-hearted, for it is a time traveling adventure that showcases the best of the best, those who set the standard for today's literary art. Enter to find out how you can apply and to see what special badge, inspired by the old times, waits just for you.",
            "status": "true",
            "startDate": "2023-01-01",
            "endDate": "2024-01-01",
            "idBadge": "5"
        }
    },
    {
        "model": "bookworms.challengebooks",
        "pk": 1,
        "fields": {
            "idBook": "2",
            "idChallenge": "1"
        }
    },
    {
        "model": "bookworms.challengebooks",
        "pk": 2,
        "fields": {
            "idBook": "4",
            "idChallenge": "1"
        }
    },
    {
        "model": "bookworms.challengebooks",
        "pk": 3,
        "fields": {
            "idBook": "6",
            "idChallenge": "1"
        }
    },
    {
        "model": "bookworms.challengebooks",
        "pk": 4,
        "fields": {
            "idBook": "14",
            "idChallenge": "2"
        }
    },
    {
        "model": "bookworms.challengebooks",
        "pk": 5,
        "fields": {
            "idBook": "15",
            "idChallenge": "2"
        }
    },
    {
        "model": "bookworms.challengebooks",
        "pk": 6,
        "fields": {
            "idBook": "16",
            "idChallenge": "2"
        }
    }
]


